open_time,open,high,low,close,volume,close_time,quote_volume,trade_count,taker_buy_base_volume,taker_buy_quote_volume
2026-03-07T20:00:00+00:00,67080.33,67437.5,67068.01,67402.98,590.47118,2026-03-07T20:59:59.999000+00:00,39750285.6504176,85902,336.39316,22644472.3224553
2026-03-07T21:00:00+00:00,67402.98,67483.05,67281.34,67452.98,638.99995,2026-03-07T21:59:59.999000+00:00,43065200.9617147,71562,290.96984,19608550.0571136
2026-03-07T22:00:00+00:00,67452.97,67469.87,67101.31,67258.65,706.81324,2026-03-07T22:59:59.999000+00:00,47551769.7313509,81216,423.19785,28467907.7880614
2026-03-07T23:00:00+00:00,67258.65,67403.85,67183.39,67262.91,394.96477,2026-03-07T23:59:59.999000+00:00,26591042.9368438,60319,221.28028,14897523.5445913
2026-03-08T00:00:00+00:00,67262.91,67481.96,67181.04,67194.77,552.27054,2026-03-08T00:59:59.999000+00:00,37183673.0335401,73818,290.25662,19540895.5529788
2026-03-08T01:00:00+00:00,67194.77,67353.57,67090.0,67297.27,565.85563,2026-03-08T01:59:59.999000+00:00,38036873.4873874,74570,378.9445,25470883.9832828
2026-03-08T02:00:00+00:00,67297.27,67426.52,66833.58,66925.44,765.90711,2026-03-08T02:59:59.999000+00:00,51437285.6604402,132299,317.07678,21295636.0095867
2026-03-08T03:00:00+00:00,66925.45,67083.1,66850.0,67000.26,999.40624,2026-03-08T03:59:59.999000+00:00,66946575.7330243,111969,503.04748,33691412.8570351
2026-03-08T04:00:00+00:00,67000.26,67100.01,66547.15,66637.36,1206.88314,2026-03-08T04:59:59.999000+00:00,80747936.6162141,129009,585.89511,39219130.0714527
2026-03-08T05:00:00+00:00,66637.35,67250.24,66617.76,67149.93,402.00353,2026-03-08T05:59:59.999000+00:00,26963472.0570087,105942,273.45538,18339091.0366382
2026-03-08T06:00:00+00:00,67149.93,67231.86,67035.18,67161.52,246.63235,2026-03-08T06:59:59.999000+00:00,16557000.7272332,67445,114.34633,7676597.313186
2026-03-08T07:00:00+00:00,67161.52,67465.11,67154.91,67319.91,1010.57902,2026-03-08T07:59:59.999000+00:00,68045866.1766192,103709,528.57388,35590974.5026674
2026-03-08T08:00:00+00:00,67319.9,67577.36,67156.93,67539.33,1008.6246,2026-03-08T08:59:59.999000+00:00,67911806.4816908,97378,674.14541,45395458.9316259
2026-03-08T09:00:00+00:00,67539.34,67905.03,67474.0,67681.0,1111.87857,2026-03-08T09:59:59.999000+00:00,75303923.5417753,143975,596.68791,40410634.6922535
2026-03-08T10:00:00+00:00,67681.0,68200.0,67680.99,67904.14,646.22527,2026-03-08T10:59:59.999000+00:00,43919617.6200786,116368,399.44896,27147612.8107123
2026-03-08T11:00:00+00:00,67904.15,67904.15,67411.76,67515.0,536.67584,2026-03-08T11:59:59.999000+00:00,36267951.335365,126127,238.98642,16150872.6523478
2026-03-08T12:00:00+00:00,67515.0,67650.94,66888.0,67324.72,902.41572,2026-03-08T12:59:59.999000+00:00,60640938.3715044,154717,302.90858,20368385.8033338
2026-03-08T13:00:00+00:00,67324.71,67431.81,66761.68,67234.86,1987.5897,2026-03-08T13:59:59.999000+00:00,133233852.2048061,170402,1129.6549,75732552.2526471
2026-03-08T14:00:00+00:00,67234.86,67426.69,67055.73,67339.76,695.31699,2026-03-08T14:59:59.999000+00:00,46777039.4381819,109550,340.0336,22876911.2789344
2026-03-08T15:00:00+00:00,67339.75,67369.36,67080.0,67218.23,879.16155,2026-03-08T15:59:59.999000+00:00,59102900.8079914,99341,408.33233,27455399.5248788
2026-03-08T16:00:00+00:00,67218.23,67268.44,66802.47,66872.15,538.7559,2026-03-08T16:59:59.999000+00:00,36098321.7767463,98700,283.88361,19016988.3838062
2026-03-08T17:00:00+00:00,66872.15,67179.98,66800.01,67065.0,812.42846,2026-03-08T17:59:59.999000+00:00,54494433.4921552,88443,439.64027,29483989.4779248
2026-03-08T18:00:00+00:00,67065.0,67076.0,66745.54,66804.0,487.97779,2026-03-08T18:59:59.999000+00:00,32622695.4922862,84701,189.74174,12685232.0173015
2026-03-08T19:00:00+00:00,66803.99,67485.24,66779.82,67337.42,711.10669,2026-03-08T19:59:59.999000+00:00,47772503.8726269,107904,415.16433,27870802.6670732
2026-03-08T20:00:00+00:00,67337.41,67609.08,67028.45,67238.8,1144.93227,2026-03-08T20:59:59.999000+00:00,77029749.7221912,112963,842.20665,56667800.1390331
2026-03-08T21:00:00+00:00,67238.79,67266.0,66712.69,67020.01,959.03531,2026-03-08T21:59:59.999000+00:00,64213546.0950958,99665,451.12798,30208462.6319872
2026-03-08T22:00:00+00:00,67020.01,67020.01,65618.49,66236.8,2742.02435,2026-03-08T22:59:59.999000+00:00,181173952.0318978,430752,1275.51945,84246546.8721986
2026-03-08T23:00:00+00:00,66236.8,66569.24,65930.3,65971.2,679.95244,2026-03-08T23:59:59.999000+00:00,45040244.5395945,188645,289.57104,19190087.706786
2026-03-09T00:00:00+00:00,65971.2,66773.0,65821.97,66370.01,951.35538,2026-03-09T00:59:59.999000+00:00,63113288.0332073,313706,495.71664,32893564.7520784
2026-03-09T01:00:00+00:00,66370.01,66698.05,66131.25,66196.01,2263.78882,2026-03-09T01:59:59.999000+00:00,150347237.3189297,268340,951.00383,63147599.5557804
2026-03-09T02:00:00+00:00,66196.01,66707.58,65959.0,66537.32,752.57114,2026-03-09T02:59:59.999000+00:00,49871301.5534219,211513,369.22638,24484125.4170239
2026-03-09T03:00:00+00:00,66537.32,67668.64,66512.88,67205.05,1256.29482,2026-03-09T03:59:59.999000+00:00,84452754.7378515,293518,718.9905,48331824.7655979
2026-03-09T04:00:00+00:00,67205.06,67610.0,67093.09,67130.14,848.47762,2026-03-09T04:59:59.999000+00:00,57142240.0814376,140539,372.64808,25116314.1304581
2026-03-09T05:00:00+00:00,67131.1,68069.29,67113.02,67911.16,1145.71148,2026-03-09T05:59:59.999000+00:00,77547072.4244785,216712,684.84514,46341158.9033091
2026-03-09T06:00:00+00:00,67911.15,67939.55,67236.78,67267.18,578.70307,2026-03-09T06:59:59.999000+00:00,39117363.5721108,141343,260.65907,17629292.13007
2026-03-09T07:00:00+00:00,67267.18,67575.81,66853.48,67555.13,1253.45589,2026-03-09T07:59:59.999000+00:00,84322671.6734625,194383,745.11015,50169580.8684883
2026-03-09T08:00:00+00:00,67555.13,67929.19,67391.89,67814.69,1615.43129,2026-03-09T08:59:59.999000+00:00,109348618.0226385,192736,684.89039,46356780.0916831
2026-03-09T09:00:00+00:00,67814.69,68460.09,67566.65,67981.02,1225.43841,2026-03-09T09:59:59.999000+00:00,83362455.887204,207463,679.48258,46205844.607135
2026-03-09T10:00:00+00:00,67981.03,68088.92,67556.72,67608.13,687.12244,2026-03-09T10:59:59.999000+00:00,46607784.4841596,181061,326.35228,22140093.3362161
2026-03-09T11:00:00+00:00,67608.13,67855.82,67344.45,67764.98,577.58612,2026-03-09T11:59:59.999000+00:00,39060624.2572437,137039,319.92424,21642538.7467684
2026-03-09T12:00:00+00:00,67764.99,68348.26,67759.57,68151.93,970.32854,2026-03-09T12:59:59.999000+00:00,66060871.6906856,164855,491.5151,33460304.6809305
2026-03-09T13:00:00+00:00,68151.93,69300.0,68133.93,68976.0,2460.13662,2026-03-09T13:59:59.999000+00:00,169261402.755553,435691,1311.29961,90214668.2843755
2026-03-09T14:00:00+00:00,68975.8,69480.0,68696.28,69151.5,2377.05802,2026-03-09T14:59:59.999000+00:00,164354516.5680009,402611,1066.94676,73791086.2155926
2026-03-09T15:00:00+00:00,69151.5,69254.87,68717.86,68863.66,1995.45638,2026-03-09T15:59:59.999000+00:00,137662816.8908222,241028,979.65733,67593235.7243941
2026-03-09T16:00:00+00:00,68863.67,69225.0,68614.47,68960.12,1086.01117,2026-03-09T16:59:59.999000+00:00,74837204.8886645,233178,484.17741,33366617.5783733
2026-03-09T17:00:00+00:00,68960.12,69088.49,68270.34,68600.71,889.54053,2026-03-09T17:59:59.999000+00:00,61099724.3619644,210972,365.35196,25095236.4855823
2026-03-09T18:00:00+00:00,68600.71,68705.76,68179.12,68356.37,1350.25926,2026-03-09T18:59:59.999000+00:00,92411757.9144711,153028,495.86778,33944612.4194047
2026-03-09T19:00:00+00:00,68356.37,69516.65,68356.37,68991.93,1713.56623,2026-03-09T19:59:59.999000+00:00,118199868.3614658,338338,840.18502,57972468.7806393
2026-03-09T20:00:00+00:00,68991.93,69145.28,68762.2,68961.71,507.40424,2026-03-09T20:59:59.999000+00:00,34986726.5361524,117912,219.42368,15130382.3807522
2026-03-09T21:00:00+00:00,68961.15,69102.53,68660.94,68919.72,782.51759,2026-03-09T21:59:59.999000+00:00,53956807.3532987,96128,369.66679,25491264.3424037
2026-03-09T22:00:00+00:00,68919.71,69030.56,68597.0,68635.88,943.05059,2026-03-09T22:59:59.999000+00:00,64865041.235744,109448,520.01159,35775875.2226492
2026-03-09T23:00:00+00:00,68635.88,68694.73,68384.69,68432.16,665.45565,2026-03-09T23:59:59.999000+00:00,45631900.846712,92125,348.50147,23901303.4962003
2026-03-10T00:00:00+00:00,68432.16,69290.42,68391.41,69157.37,1134.03591,2026-03-10T00:59:59.999000+00:00,78074046.4087129,166033,715.05337,49232054.1943723
2026-03-10T01:00:00+00:00,69157.36,69389.06,68786.04,69260.01,1073.3002,2026-03-10T01:59:59.999000+00:00,74165831.9947707,146468,529.39036,36559807.3204544
2026-03-10T02:00:00+00:00,69260.0,70578.29,69103.12,70272.01,2010.9648,2026-03-10T02:59:59.999000+00:00,140668085.5883407,302463,1099.19996,76926300.0744873
2026-03-10T03:00:00+00:00,70272.0,70370.86,69390.0,69429.85,1096.27179,2026-03-10T03:59:59.999000+00:00,76705746.4652367,202161,383.81587,26850712.8050578
2026-03-10T04:00:00+00:00,69429.85,70132.27,69429.85,70072.94,1112.05227,2026-03-10T04:59:59.999000+00:00,77615817.0259599,147965,512.44854,35752753.5531902
2026-03-10T05:00:00+00:00,70072.95,70355.06,69885.71,69971.34,874.03346,2026-03-10T05:59:59.999000+00:00,61315699.9675704,142006,566.3949,39747967.446739
2026-03-10T06:00:00+00:00,69971.34,70185.24,69750.62,69910.91,1140.99151,2026-03-10T06:59:59.999000+00:00,79821412.8038765,124604,507.24684,35487767.7746098
2026-03-10T07:00:00+00:00,69910.91,70546.74,69805.7,70406.01,1780.20471,2026-03-10T07:59:59.999000+00:00,125086478.9579068,182489,933.29394,65608629.4993554
2026-03-10T08:00:00+00:00,70406.01,71097.64,70369.0,70709.37,1852.19984,2026-03-10T08:59:59.999000+00:00,131134120.1548492,239805,1084.16441,76765141.1185667
2026-03-10T09:00:00+00:00,70709.37,71300.0,70653.24,71078.92,1664.83143,2026-03-10T09:59:59.999000+00:00,118112151.5065613,170047,962.01684,68212770.7339437
2026-03-10T10:00:00+00:00,71078.92,71086.86,70660.89,70774.04,1808.06147,2026-03-10T10:59:59.999000+00:00,128012273.6792558,136390,802.70499,56825002.4021433
2026-03-10T11:00:00+00:00,70774.04,70865.73,70540.4,70580.94,945.42456,2026-03-10T11:59:59.999000+00:00,66804940.4073748,122029,523.72708,37009882.287201
2026-03-10T12:00:00+00:00,70580.95,70628.19,70290.88,70519.86,702.95479,2026-03-10T12:59:59.999000+00:00,49533551.8679385,144392,294.37665,20746345.6364818
2026-03-10T13:00:00+00:00,70519.86,70926.46,69723.25,69921.12,1644.54716,2026-03-10T13:59:59.999000+00:00,115579646.8775816,362755,792.78943,55735974.5505466
2026-03-10T14:00:00+00:00,69921.12,71527.54,69266.06,71467.81,2553.72955,2026-03-10T14:59:59.999000+00:00,179512426.0265031,518508,1291.3137,90897330.0936708
2026-03-10T15:00:00+00:00,71467.81,71777.0,70900.05,71346.16,2098.87598,2026-03-10T15:59:59.999000+00:00,149613059.4382352,428552,1141.80049,81417667.8317248
2026-03-10T16:00:00+00:00,71346.17,71700.0,70943.31,71268.59,1291.34054,2026-03-10T16:59:59.999000+00:00,92113980.2648867,282437,686.48342,48988579.8755119
2026-03-10T17:00:00+00:00,71268.58,71452.0,70512.64,70868.61,1383.6295,2026-03-10T17:59:59.999000+00:00,98194404.2013598,263559,531.81834,37765604.785681
2026-03-10T18:00:00+00:00,70868.62,70914.9,69901.0,70013.87,1837.40169,2026-03-10T18:59:59.999000+00:00,129063485.3000435,409572,937.34758,65809035.4468017
2026-03-10T19:00:00+00:00,70013.87,70290.0,69739.0,70043.63,992.60769,2026-03-10T19:59:59.999000+00:00,69495643.9666933,229600,512.20429,35865704.5049819
2026-03-10T20:00:00+00:00,70043.63,70350.0,70007.52,70235.6,671.88971,2026-03-10T20:59:59.999000+00:00,47179926.0378258,104421,331.80815,23300993.1925712
2026-03-10T21:00:00+00:00,70236.34,70417.3,69541.91,69763.01,830.8687,2026-03-10T21:59:59.999000+00:00,58065221.1395525,120034,366.13855,25589090.5951125
2026-03-10T22:00:00+00:00,69763.02,69869.9,69452.42,69721.58,937.20086,2026-03-10T22:59:59.999000+00:00,65279899.7421198,110217,464.68161,32370447.396786
2026-03-10T23:00:00+00:00,69721.58,69981.8,69698.46,69948.63,1165.15914,2026-03-10T23:59:59.999000+00:00,81377771.617365,119557,483.60908,33773403.9804543
2026-03-11T00:00:00+00:00,69948.64,70173.25,69759.63,70044.87,728.92961,2026-03-11T00:59:59.999000+00:00,51015675.9337362,154124,338.21923,23674730.7289685
2026-03-11T01:00:00+00:00,70044.87,70144.0,69880.0,70071.26,947.24879,2026-03-11T01:59:59.999000+00:00,66359225.6404928,132156,555.9882,38948457.1882948
2026-03-11T02:00:00+00:00,70071.26,70119.59,69614.0,69810.72,1612.87548,2026-03-11T02:59:59.999000+00:00,112718433.7356584,133771,971.95761,67947296.6601135
2026-03-11T03:00:00+00:00,69810.73,69887.11,69488.7,69551.91,1113.41409,2026-03-11T03:59:59.999000+00:00,77509258.7561781,121595,556.74333,38736107.4624214
2026-03-11T04:00:00+00:00,69551.91,70281.87,69501.55,70130.99,759.416,2026-03-11T04:59:59.999000+00:00,53066815.3556364,131224,454.60323,31788196.4984953
2026-03-11T05:00:00+00:00,70130.99,70200.96,69420.0,69510.36,757.81378,2026-03-11T05:59:59.999000+00:00,52878113.285076,114902,392.62501,27394713.8082939
2026-03-11T06:00:00+00:00,69510.37,69996.0,69500.01,69950.01,391.73761,2026-03-11T06:59:59.999000+00:00,27328456.6238824,93779,261.2875,18225285.6600717
2026-03-11T07:00:00+00:00,69950.01,70018.49,69500.67,69648.29,1171.57725,2026-03-11T07:59:59.999000+00:00,81632029.4375313,106664,664.86162,46320922.372203
2026-03-11T08:00:00+00:00,69648.28,69786.32,69500.0,69662.24,672.55865,2026-03-11T08:59:59.999000+00:00,46836525.6595301,126367,340.43306,23704955.305474
2026-03-11T09:00:00+00:00,69662.24,69752.06,69384.5,69466.75,939.05652,2026-03-11T09:59:59.999000+00:00,65311207.4985945,121558,480.57305,33430684.0275474
2026-03-11T10:00:00+00:00,69466.75,69726.45,69390.91,69604.9,1028.34397,2026-03-11T10:59:59.999000+00:00,71507949.2072852,111343,568.42826,39530029.9244879
2026-03-11T11:00:00+00:00,69604.9,69755.1,69150.28,69173.0,898.77254,2026-03-11T11:59:59.999000+00:00,62484014.9725071,163264,537.36904,37374700.4255775
2026-03-11T12:00:00+00:00,69172.99,69777.66,68977.91,69361.13,1045.64069,2026-03-11T12:59:59.999000+00:00,72482029.0024468,228899,510.41277,35394305.4775331
2026-03-11T13:00:00+00:00,69361.13,71091.18,69331.04,70186.09,2647.32148,2026-03-11T13:59:59.999000+00:00,185985830.5199639,529759,1327.90532,93335113.4047134
2026-03-11T14:00:00+00:00,70186.08,70987.0,69906.77,70578.7,2251.77658,2026-03-11T14:59:59.999000+00:00,158748245.6784529,515782,1118.16259,78864176.8080441
2026-03-11T15:00:00+00:00,70578.7,70654.43,69702.25,70227.91,1844.6963,2026-03-11T15:59:59.999000+00:00,129415293.3242539,427890,846.35834,59386902.9926074
2026-03-11T16:00:00+00:00,70227.92,70826.39,70161.78,70570.71,1837.92404,2026-03-11T16:59:59.999000+00:00,129634949.1817059,312976,946.41941,66762795.6896593
2026-03-11T17:00:00+00:00,70570.71,71321.0,70512.01,70785.99,2122.20651,2026-03-11T17:59:59.999000+00:00,150535351.4770523,401049,1188.53693,84314437.8180486
2026-03-11T18:00:00+00:00,70785.99,70895.31,70415.27,70617.64,1134.13411,2026-03-11T18:59:59.999000+00:00,80176341.8814401,225379,441.85105,31232309.0832405
2026-03-11T19:00:00+00:00,70617.63,70742.38,70375.68,70641.82,644.23151,2026-03-11T19:59:59.999000+00:00,45451849.5017888,134850,278.53724,19650192.7914061
2026-03-11T20:00:00+00:00,70641.81,70700.0,70394.23,70634.96,383.34496,2026-03-11T20:59:59.999000+00:00,27035743.9910186,84807,167.08903,11784374.4350322
2026-03-11T21:00:00+00:00,70634.96,70777.17,70499.94,70741.26,576.42683,2026-03-11T21:59:59.999000+00:00,40712429.179373,91756,263.59854,18621267.8145628
2026-03-11T22:00:00+00:00,70741.27,70950.0,70241.53,70373.01,1098.26512,2026-03-11T22:59:59.999000+00:00,77379570.1214923,166748,519.34214,36588531.364405
2026-03-11T23:00:00+00:00,70373.01,70505.0,70125.83,70191.86,641.563,2026-03-11T23:59:59.999000+00:00,45095256.2690708,129213,284.01365,19961317.8585211
2026-03-12T00:00:00+00:00,70191.86,70353.87,70130.23,70225.34,658.09363,2026-03-12T00:59:59.999000+00:00,46228139.6227386,138129,317.18589,22283358.293625
2026-03-12T01:00:00+00:00,70225.34,70226.94,69754.94,69841.31,760.55263,2026-03-12T01:59:59.999000+00:00,53169446.2990452,157245,285.61072,19969826.3294153
2026-03-12T02:00:00+00:00,69841.3,69887.93,69226.52,69286.56,742.38929,2026-03-12T02:59:59.999000+00:00,51629110.6259803,171137,338.95989,23578155.6501756
2026-03-12T03:00:00+00:00,69286.55,69628.25,69246.23,69446.61,415.13842,2026-03-12T03:59:59.999000+00:00,28825295.2765299,112007,221.44542,15378158.876587
2026-03-12T04:00:00+00:00,69446.61,69676.88,69296.43,69372.0,436.68208,2026-03-12T04:59:59.999000+00:00,30325784.6267226,99781,218.71881,15192627.1895145
2026-03-12T05:00:00+00:00,69372.0,69539.61,69205.91,69480.54,734.74043,2026-03-12T05:59:59.999000+00:00,50971654.4971535,127719,379.37387,26331054.5936055
2026-03-12T06:00:00+00:00,69480.54,69561.84,69315.63,69501.44,719.76894,2026-03-12T06:59:59.999000+00:00,49991908.7100665,90401,319.31786,22185858.0733953
2026-03-12T07:00:00+00:00,69501.45,69865.98,69408.88,69826.19,830.78197,2026-03-12T07:59:59.999000+00:00,57885148.7955321,111343,487.13582,33949601.6055635
2026-03-12T08:00:00+00:00,69826.19,70116.37,69698.33,69917.37,1246.32882,2026-03-12T08:59:59.999000+00:00,87076632.5655065,139433,751.49187,52507418.1439023
2026-03-12T09:00:00+00:00,69917.36,70400.0,69580.0,69952.51,1284.31562,2026-03-12T09:59:59.999000+00:00,89699461.6545861,157443,613.92549,42898731.6238814
2026-03-12T10:00:00+00:00,69952.51,70511.0,69856.0,70412.11,911.03902,2026-03-12T10:59:59.999000+00:00,64018984.0474414,165657,589.88786,41457023.5372283
2026-03-12T11:00:00+00:00,70412.1,70800.0,70367.97,70427.91,1207.70061,2026-03-12T11:59:59.999000+00:00,85173933.9076723,174254,629.93222,44427743.3678311
2026-03-12T12:00:00+00:00,70427.9,70617.66,70277.38,70381.8,847.51801,2026-03-12T12:59:59.999000+00:00,59657137.372089,149340,392.52776,27637689.0742226
2026-03-12T13:00:00+00:00,70381.8,70534.65,69645.0,69972.15,1340.7754,2026-03-12T13:59:59.999000+00:00,93920760.4321107,348528,496.04264,34786511.7498968
2026-03-12T14:00:00+00:00,69972.2,70660.69,69355.34,69590.09,2130.67842,2026-03-12T14:59:59.999000+00:00,149115866.8914535,459799,970.33378,67949172.2857385
2026-03-12T15:00:00+00:00,69590.09,70565.43,69476.14,70334.88,1778.50463,2026-03-12T15:59:59.999000+00:00,124760716.8675455,350862,1005.50379,70544561.57584
2026-03-12T16:00:00+00:00,70334.89,70569.15,69905.71,70381.16,1271.41787,2026-03-12T16:59:59.999000+00:00,89345926.6702391,321811,604.77243,42525565.7862861
2026-03-12T17:00:00+00:00,70381.15,70547.19,70076.16,70212.06,843.93551,2026-03-12T17:59:59.999000+00:00,59370577.7437952,222907,342.18146,24081918.6552384
2026-03-12T18:00:00+00:00,70212.05,70303.51,69800.0,69819.64,742.85798,2026-03-12T18:59:59.999000+00:00,52009176.0420078,219259,250.31095,17519557.390961
2026-03-12T19:00:00+00:00,69819.64,70548.81,69770.85,70432.32,757.84664,2026-03-12T19:59:59.999000+00:00,53200867.8593337,198607,359.49665,25228828.5454945
2026-03-12T20:00:00+00:00,70432.33,70555.2,70111.28,70164.49,618.18553,2026-03-12T20:59:59.999000+00:00,43474995.7895671,104959,139.05377,9778113.645306
2026-03-12T21:00:00+00:00,70164.5,70470.0,70164.5,70268.55,355.90233,2026-03-12T21:59:59.999000+00:00,25020855.4347661,80720,145.9291,10258067.4416387
2026-03-12T22:00:00+00:00,70268.54,70305.26,70013.17,70175.64,467.42484,2026-03-12T22:59:59.999000+00:00,32790823.7364333,93322,194.83961,13666140.3212258
2026-03-12T23:00:00+00:00,70175.64,70734.25,70159.35,70541.34,894.58188,2026-03-12T23:59:59.999000+00:00,63082019.0417902,149396,491.0563,34622428.1423445
2026-03-13T00:00:00+00:00,70541.34,72000.0,70386.01,71475.61,2857.31114,2026-03-13T00:59:59.999000+00:00,204003741.7417407,447875,1521.98144,108683303.5245328
2026-03-13T01:00:00+00:00,71475.6,71759.95,71283.99,71672.39,975.74666,2026-03-13T01:59:59.999000+00:00,69838722.7783189,207345,508.42321,36394484.4627694
2026-03-13T02:00:00+00:00,71672.38,71696.68,71045.52,71143.8,994.81538,2026-03-13T02:59:59.999000+00:00,71057418.8782328,147297,444.89169,31779385.2881394
2026-03-13T03:00:00+00:00,71143.8,71508.87,70964.43,71405.75,927.82134,2026-03-13T03:59:59.999000+00:00,66056954.0559826,125941,517.00627,36814693.5817613
2026-03-13T04:00:00+00:00,71405.76,71493.77,71214.01,71393.94,780.92498,2026-03-13T04:59:59.999000+00:00,55704470.2293071,105161,429.05759,30613404.5747512
2026-03-13T05:00:00+00:00,71393.93,71637.54,71242.02,71546.29,1178.90406,2026-03-13T05:59:59.999000+00:00,84248439.8924405,123561,534.01478,38173855.7671445
2026-03-13T06:00:00+00:00,71546.28,71593.22,71180.19,71342.0,1081.97604,2026-03-13T06:59:59.999000+00:00,77171125.7792021,150177,490.67581,34990106.4454284
2026-03-13T07:00:00+00:00,71342.0,71672.76,71236.08,71612.22,1139.8319,2026-03-13T07:59:59.999000+00:00,81522832.3783298,159629,503.1194,35983763.8496216
2026-03-13T08:00:00+00:00,71612.23,72142.85,71385.28,71821.02,1820.16796,2026-03-13T08:59:59.999000+00:00,130690293.663342,217230,1045.73072,75130074.9673487
2026-03-13T09:00:00+00:00,71821.01,72100.37,71589.81,72006.57,925.21442,2026-03-13T09:59:59.999000+00:00,66508448.5171097,162525,455.84141,32768847.2844907
2026-03-13T10:00:00+00:00,72006.56,72575.98,71995.53,72458.12,1635.35127,2026-03-13T10:59:59.999000+00:00,118324633.3554524,241574,977.58174,70716837.5122658
2026-03-13T11:00:00+00:00,72458.11,72526.12,72207.41,72228.82,724.41705,2026-03-13T11:59:59.999000+00:00,52397201.7206911,149943,357.62998,25866649.6796122
2026-03-13T12:00:00+00:00,72228.81,72884.68,72210.0,72784.73,1142.93241,2026-03-13T12:59:59.999000+00:00,82959993.1854541,212778,644.58335,46790473.9487379
2026-03-13T13:00:00+00:00,72784.73,73585.27,72684.88,73379.18,3297.40201,2026-03-13T13:59:59.999000+00:00,241097528.6949649,477827,1931.71775,141247573.2217981
2026-03-13T14:00:00+00:00,73379.18,73913.74,72350.0,72382.72,4558.05031,2026-03-13T14:59:59.999000+00:00,334106334.1847983,564986,2529.86386,185705485.1854895
2026-03-13T15:00:00+00:00,72382.72,72829.12,71736.34,71831.46,3305.45471,2026-03-13T15:59:59.999000+00:00,239050157.5478845,438775,1325.21277,95830716.805797
2026-03-13T16:00:00+00:00,71831.46,72100.0,71154.54,71885.57,2334.3461,2026-03-13T16:59:59.999000+00:00,167297707.4435212,367885,1217.29936,87233466.4845246
2026-03-13T17:00:00+00:00,71885.56,72249.99,70914.09,71037.93,1889.70074,2026-03-13T17:59:59.999000+00:00,135327579.9266234,314897,833.8673,59725555.6929017
2026-03-13T18:00:00+00:00,71037.93,71350.94,70841.23,71055.45,738.18799,2026-03-13T18:59:59.999000+00:00,52460602.4982365,185458,435.35541,30942598.7866613
2026-03-13T19:00:00+00:00,71055.45,71309.94,71006.19,71189.95,507.07823,2026-03-13T19:59:59.999000+00:00,36078150.8596757,135846,300.31229,21370349.6207739
2026-03-13T20:00:00+00:00,71189.96,71469.53,71150.0,71346.84,554.4729,2026-03-13T20:59:59.999000+00:00,39557395.3268254,82040,263.20719,18773234.6061628
2026-03-13T21:00:00+00:00,71346.84,71491.03,71058.25,71104.65,650.14338,2026-03-13T21:59:59.999000+00:00,46300852.6943213,91739,322.85238,22990818.6221854
2026-03-13T22:00:00+00:00,71104.65,71189.26,70559.02,70814.0,863.33877,2026-03-13T22:59:59.999000+00:00,61109068.293421,122482,301.43608,21334052.213835
2026-03-13T23:00:00+00:00,70814.0,71005.3,70688.45,70930.0,1113.02703,2026-03-13T23:59:59.999000+00:00,78898872.6502711,79519,418.68082,29670920.8318981
2026-03-14T00:00:00+00:00,70930.01,70951.8,70555.0,70631.97,763.50434,2026-03-14T00:59:59.999000+00:00,54020310.8233432,90705,290.87532,20585052.4014245
2026-03-14T01:00:00+00:00,70631.96,70941.05,70481.7,70831.7,791.55133,2026-03-14T01:59:59.999000+00:00,55995239.1522559,77309,366.21167,25920711.6129912
2026-03-14T02:00:00+00:00,70831.7,70948.66,70735.21,70783.27,1013.67533,2026-03-14T02:59:59.999000+00:00,71788879.9794518,62054,535.58233,37930557.7474619
2026-03-14T03:00:00+00:00,70783.27,71185.23,70783.26,71081.3,944.72261,2026-03-14T03:59:59.999000+00:00,67127111.5411552,99055,480.25798,34123485.8922443
2026-03-14T04:00:00+00:00,71081.31,71307.92,71021.11,71039.58,707.08065,2026-03-14T04:59:59.999000+00:00,50331966.5420868,82297,399.29759,28424451.8896986
2026-03-14T05:00:00+00:00,71039.57,71151.3,70916.96,71013.75,759.3407,2026-03-14T05:59:59.999000+00:00,53948310.1352683,65417,318.78579,22650965.8434636
2026-03-14T06:00:00+00:00,71013.75,71013.75,70317.0,70622.08,712.17672,2026-03-14T06:59:59.999000+00:00,50317200.4154839,112553,289.84776,20472019.2684383
2026-03-14T07:00:00+00:00,70622.09,70743.88,70489.03,70596.68,750.98425,2026-03-14T07:59:59.999000+00:00,53005696.250803,74850,313.8549,22161603.0437481
2026-03-14T08:00:00+00:00,70596.68,70710.76,70536.58,70585.63,461.44808,2026-03-14T08:59:59.999000+00:00,32592416.6223408,63044,148.85982,10514806.5728264
2026-03-14T09:00:00+00:00,70585.64,70728.07,70400.0,70501.16,893.97396,2026-03-14T09:59:59.999000+00:00,63112977.0128975,69325,445.23634,31445345.4268625
2026-03-14T10:00:00+00:00,70501.16,70575.1,70389.08,70570.44,624.35522,2026-03-14T10:59:59.999000+00:00,44014707.4747614,61630,334.83057,23602070.7640444
2026-03-14T11:00:00+00:00,70570.44,70784.38,70562.66,70751.42,515.18098,2026-03-14T11:59:59.999000+00:00,36404107.9066938,56831,244.00886,17247956.9511166
2026-03-14T12:00:00+00:00,70751.42,70835.48,70616.44,70780.59,472.56223,2026-03-14T12:59:59.999000+00:00,33418071.008202,64278,255.18751,18050740.3076998
2026-03-14T13:00:00+00:00,70780.59,70930.56,70711.54,70847.35,886.4995,2026-03-14T13:59:59.999000+00:00,62792222.3155092,66703,452.86254,32075437.3839452
2026-03-14T14:00:00+00:00,70847.34,70941.17,70578.76,70599.22,329.16955,2026-03-14T14:59:59.999000+00:00,23284306.109243,69697,110.3207,7805325.0124781
2026-03-14T15:00:00+00:00,70599.23,70728.59,70501.0,70580.09,849.34654,2026-03-14T15:59:59.999000+00:00,59985509.8440382,115615,470.29212,33223621.0371717
2026-03-14T16:00:00+00:00,70580.09,70709.4,70500.0,70672.53,379.28346,2026-03-14T16:59:59.999000+00:00,26785874.5755472,94780,178.12621,12579678.0622355
2026-03-14T17:00:00+00:00,70672.52,70733.02,70590.0,70617.01,134.37087,2026-03-14T17:59:59.999000+00:00,9494948.4680063,43189,55.54331,3925343.7450748
2026-03-14T18:00:00+00:00,70617.01,70708.88,70559.35,70668.23,95.80359,2026-03-14T18:59:59.999000+00:00,6766471.9540272,35429,52.19609,3686893.2755864
2026-03-14T19:00:00+00:00,70668.23,70740.34,70595.14,70700.0,77.47303,2026-03-14T19:59:59.999000+00:00,5475355.0236486,38122,39.04964,2759696.328222
2026-03-14T20:00:00+00:00,70699.99,70856.4,70650.09,70805.71,114.01852,2026-03-14T20:59:59.999000+00:00,8069431.89204,40654,57.61869,4077918.7793059
2026-03-14T21:00:00+00:00,70805.71,70825.04,70661.06,70799.99,113.91325,2026-03-14T21:59:59.999000+00:00,8057008.9442708,39978,47.36598,3350089.3305207
2026-03-14T22:00:00+00:00,70799.99,70805.15,70695.29,70710.91,89.24315,2026-03-14T22:59:59.999000+00:00,6313684.4467817,36613,40.33277,2853444.4221308
2026-03-14T23:00:00+00:00,70710.9,71253.17,70710.9,71211.95,537.56951,2026-03-14T23:59:59.999000+00:00,38206822.5084211,101611,315.55655,22428190.2598712
2026-03-15T00:00:00+00:00,71211.95,71220.74,70967.59,70985.28,576.24004,2026-03-15T00:59:59.999000+00:00,40958581.1998472,74849,241.74548,17182000.8894792
2026-03-15T01:00:00+00:00,70985.29,71037.41,70858.82,70985.83,340.54476,2026-03-15T01:59:59.999000+00:00,24169176.6373892,59567,105.05709,7456337.5162558
2026-03-15T02:00:00+00:00,70985.84,71634.08,70985.84,71450.53,895.09143,2026-03-15T02:59:59.999000+00:00,63889832.7522301,140545,583.8561,41664877.9756452
2026-03-15T03:00:00+00:00,71450.54,71538.03,71240.68,71363.14,779.68802,2026-03-15T03:59:59.999000+00:00,55654415.2399028,83200,394.52395,28161890.7805078
2026-03-15T04:00:00+00:00,71363.13,71661.55,71330.66,71606.32,779.77883,2026-03-15T04:59:59.999000+00:00,55796321.5888418,93302,461.97142,33061911.1574482
2026-03-15T05:00:00+00:00,71606.31,71800.68,71476.0,71489.68,792.96245,2026-03-15T05:59:59.999000+00:00,56807962.4109246,85195,495.91287,35528196.9752229
2026-03-15T06:00:00+00:00,71489.67,71595.43,71373.75,71458.41,528.89919,2026-03-15T06:59:59.999000+00:00,37808904.5154468,57302,272.96707,19516913.1877099
2026-03-15T07:00:00+00:00,71458.41,71658.44,71411.88,71453.59,276.05348,2026-03-15T07:59:59.999000+00:00,19746738.9790706,58664,126.85831,9074971.110459
2026-03-15T08:00:00+00:00,71453.59,71736.72,71453.59,71717.5,551.40345,2026-03-15T08:59:59.999000+00:00,39498086.4857878,68388,370.02576,26508757.5267056
2026-03-15T09:00:00+00:00,71717.5,71940.49,71713.9,71791.1,640.93656,2026-03-15T09:59:59.999000+00:00,46046291.7648227,82395,337.62632,24256314.2973935
2026-03-15T10:00:00+00:00,71791.11,71919.19,71714.37,71783.09,525.0135,2026-03-15T10:59:59.999000+00:00,37699169.0564608,93978,207.44276,14897848.8916607
2026-03-15T11:00:00+00:00,71783.1,71888.0,71659.71,71839.42,452.79199,2026-03-15T11:59:59.999000+00:00,32492823.5183104,65814,211.60724,15189636.3172721
2026-03-15T12:00:00+00:00,71839.41,71839.42,71560.21,71610.33,324.76249,2026-03-15T12:59:59.999000+00:00,23280309.1743433,64810,109.74819,7867359.0758295
2026-03-15T13:00:00+00:00,71610.33,71679.81,71263.99,71607.54,1108.48189,2026-03-15T13:59:59.999000+00:00,79197831.0386912,146151,415.48591,29681169.2861992
2026-03-15T14:00:00+00:00,71607.54,71635.56,71341.68,71622.03,452.09243,2026-03-15T14:59:59.999000+00:00,32336480.9928193,86255,236.28649,16901491.0825957
2026-03-15T15:00:00+00:00,71622.04,71626.0,71410.0,71481.24,210.01259,2026-03-15T15:59:59.999000+00:00,15021352.8862021,64847,115.86804,8287023.2150631
2026-03-15T16:00:00+00:00,71481.24,71586.75,71320.08,71437.35,302.61771,2026-03-15T16:59:59.999000+00:00,21612440.3547793,81461,183.79638,13124617.4083842
2026-03-15T17:00:00+00:00,71437.35,71989.93,71409.74,71819.95,365.80062,2026-03-15T17:59:59.999000+00:00,26213703.8802455,92949,249.11859,17849277.992018
2026-03-15T18:00:00+00:00,71819.96,71885.55,71321.87,71390.53,321.10675,2026-03-15T18:59:59.999000+00:00,23004719.4334995,102918,132.32941,9482115.6516693
2026-03-15T19:00:00+00:00,71390.53,71582.83,71338.67,71549.94,251.59972,2026-03-15T19:59:59.999000+00:00,17979205.8994919,69282,123.97206,8859526.3270762
2026-03-15T20:00:00+00:00,71549.94,71930.0,71433.75,71730.81,236.54566,2026-03-15T20:59:59.999000+00:00,16966679.8395022,76529,138.53196,9935537.4133054
2026-03-15T21:00:00+00:00,71730.81,72222.0,71629.99,72109.58,459.80342,2026-03-15T21:59:59.999000+00:00,33098771.4654676,136792,297.88651,21443018.8746357
2026-03-15T22:00:00+00:00,72109.59,73081.77,71725.74,72749.44,1471.44945,2026-03-15T22:59:59.999000+00:00,106597993.6354891,312854,860.63713,62361678.2369586
2026-03-15T23:00:00+00:00,72749.45,73199.0,72420.44,72815.24,1393.63061,2026-03-15T23:59:59.999000+00:00,101457162.4940856,310966,633.76272,46148048.5732817
2026-03-16T00:00:00+00:00,72815.25,73008.94,72452.26,72531.26,685.4345,2026-03-16T00:59:59.999000+00:00,49831121.870366,192017,301.5264,21927689.2679714
2026-03-16T01:00:00+00:00,72531.27,72852.28,72270.41,72752.9,715.87613,2026-03-16T01:59:59.999000+00:00,51927454.8302493,177405,398.90863,28933676.7060399
2026-03-16T02:00:00+00:00,72752.9,72852.28,72368.08,72514.69,487.11967,2026-03-16T02:59:59.999000+00:00,35345119.0092013,115887,207.07677,15022955.5163685
2026-03-16T03:00:00+00:00,72514.69,74330.34,72436.02,73573.32,3424.72669,2026-03-16T03:59:59.999000+00:00,252338861.1533925,366280,1966.08604,144809434.8245743
2026-03-16T04:00:00+00:00,73573.31,74451.03,73573.31,73835.62,1907.76761,2026-03-16T04:59:59.999000+00:00,140906402.9934409,290004,1083.94445,80057293.4841735
2026-03-16T05:00:00+00:00,73835.62,74258.07,73720.0,74207.49,1421.12171,2026-03-16T05:59:59.999000+00:00,105134458.9458207,215798,809.50042,59893528.5148332
2026-03-16T06:00:00+00:00,74207.49,74207.5,73610.0,73714.36,1229.39836,2026-03-16T06:59:59.999000+00:00,90726199.7339627,158160,648.93986,47886720.7401718
2026-03-16T07:00:00+00:00,73714.36,73924.83,73385.18,73456.68,958.93738,2026-03-16T07:59:59.999000+00:00,70613358.7576705,152215,394.68031,29071710.10333
2026-03-16T08:00:00+00:00,73456.69,73776.13,72888.8,73135.0,1562.06854,2026-03-16T08:59:59.999000+00:00,114514605.4745851,209593,691.46745,50702808.5475516
2026-03-16T09:00:00+00:00,73135.0,73331.88,73057.25,73260.92,531.7209,2026-03-16T09:59:59.999000+00:00,38927469.1253408,133598,316.14431,23143819.6979336
2026-03-16T10:00:00+00:00,73260.92,73783.42,73202.89,73783.42,1038.45265,2026-03-16T10:59:59.999000+00:00,76260137.3608895,184479,578.81775,42511701.2433605
2026-03-16T11:00:00+00:00,73783.42,73838.76,73515.33,73552.77,680.69185,2026-03-16T11:59:59.999000+00:00,50121191.944247,127126,447.90929,32977499.4626694
2026-03-16T12:00:00+00:00,73552.78,74044.0,73465.46,73864.8,921.55759,2026-03-16T12:59:59.999000+00:00,67990691.367264,194935,567.833,41891954.325967
2026-03-16T13:00:00+00:00,73864.81,74509.52,73787.0,74109.55,1593.51066,2026-03-16T13:59:59.999000+00:00,118203124.5684483,360226,899.15143,66711421.6417789
2026-03-16T14:00:00+00:00,74109.56,74460.19,72990.52,73565.54,2204.69587,2026-03-16T14:59:59.999000+00:00,162296720.9469922,497277,936.977,69015699.1813488
2026-03-16T15:00:00+00:00,73565.54,74030.0,73186.5,73274.76,1024.65577,2026-03-16T15:59:59.999000+00:00,75431246.7543991,324467,573.42492,42229507.668847
2026-03-16T16:00:00+00:00,73274.75,73901.95,73160.66,73760.63,1016.72181,2026-03-16T16:59:59.999000+00:00,74715648.1741252,261544,576.11209,42336789.9303625
2026-03-16T17:00:00+00:00,73760.63,74065.7,73648.7,73943.18,906.04408,2026-03-16T17:59:59.999000+00:00,66928450.7765156,228475,494.60911,36539720.0705263
2026-03-16T18:00:00+00:00,73943.17,74356.32,73860.0,73913.6,1086.95746,2026-03-16T18:59:59.999000+00:00,80587604.5619049,248657,591.82536,43881928.2754586
2026-03-16T19:00:00+00:00,73913.6,74418.6,73781.54,73963.0,1122.08511,2026-03-16T19:59:59.999000+00:00,83109928.5004296,260104,505.79488,37476956.2388221
2026-03-16T20:00:00+00:00,73963.0,74248.95,73863.2,74236.9,424.59345,2026-03-16T20:59:59.999000+00:00,31431973.834333,106316,235.27597,17418196.9074471
2026-03-16T21:00:00+00:00,74236.9,74799.0,74150.0,74401.36,1246.95221,2026-03-16T21:59:59.999000+00:00,92851013.2751242,217232,693.47258,51648436.9929053
2026-03-16T22:00:00+00:00,74401.35,74899.99,74378.43,74772.66,1058.73068,2026-03-16T22:59:59.999000+00:00,79141789.1017246,202153,625.36327,46748104.6454871
2026-03-16T23:00:00+00:00,74773.56,74909.08,74250.21,74884.67,1159.70951,2026-03-16T23:59:59.999000+00:00,86524938.5044366,172534,659.38126,49207605.2115505
2026-03-17T00:00:00+00:00,74884.67,75520.23,74614.18,75318.48,2173.5367,2026-03-17T00:59:59.999000+00:00,163272681.0680661,382299,1260.96506,94729074.7566572
2026-03-17T01:00:00+00:00,75318.48,76000.0,75074.37,75623.91,1953.08873,2026-03-17T01:59:59.999000+00:00,147844292.5122705,388081,1101.9352,83434678.949998
2026-03-17T02:00:00+00:00,75623.91,75677.66,75114.67,75198.02,1068.24779,2026-03-17T02:59:59.999000+00:00,80409047.9060234,201315,449.88189,33863044.6194853
2026-03-17T03:00:00+00:00,75198.02,75326.15,74268.73,74463.98,1730.33731,2026-03-17T03:59:59.999000+00:00,129211808.1188872,273481,606.27931,45267757.1743351
2026-03-17T04:00:00+00:00,74463.98,74712.89,73980.16,74252.01,2017.11887,2026-03-17T04:59:59.999000+00:00,149878834.2284838,207989,777.61764,57807023.3492339
2026-03-17T05:00:00+00:00,74252.0,74459.99,73784.0,74036.74,1250.81696,2026-03-17T05:59:59.999000+00:00,92741265.8537059,158714,619.89994,45969941.7350126
2026-03-17T06:00:00+00:00,74036.74,74276.66,73877.56,74085.45,879.74749,2026-03-17T06:59:59.999000+00:00,65170987.6414419,158321,412.7396,30574490.1103464
2026-03-17T07:00:00+00:00,74085.46,74457.72,74066.4,74249.32,771.242,2026-03-17T07:59:59.999000+00:00,57320413.0338344,130753,335.20905,24914520.6244082
2026-03-17T08:00:00+00:00,74249.32,74452.97,74108.01,74188.38,461.65295,2026-03-17T08:59:59.999000+00:00,34300888.5394079,123000,248.97782,18502918.6975121
2026-03-17T09:00:00+00:00,74188.38,74406.03,73841.62,73937.16,864.16263,2026-03-17T09:59:59.999000+00:00,64069912.3563151,149015,400.73911,29713847.1626438
2026-03-17T10:00:00+00:00,73937.16,73960.74,73560.98,73729.45,1049.0691,2026-03-17T10:59:59.999000+00:00,77324957.2381234,187842,473.06848,34867011.9216359
2026-03-17T11:00:00+00:00,73729.45,74224.16,73682.01,74033.11,647.95804,2026-03-17T11:59:59.999000+00:00,47936681.0442032,149448,382.22243,28276684.7120773
2026-03-17T12:00:00+00:00,74033.1,74170.55,73672.25,73739.74,614.23436,2026-03-17T12:59:59.999000+00:00,45388987.2828269,161550,286.73288,21197686.3728223
2026-03-17T13:00:00+00:00,73739.74,74167.39,73399.19,73615.48,1159.88444,2026-03-17T13:59:59.999000+00:00,85569440.6971207,284567,529.8566,39104660.1565815
2026-03-17T14:00:00+00:00,73615.49,74425.31,73424.79,74381.7,1362.71508,2026-03-17T14:59:59.999000+00:00,100890945.9751623,323276,836.68701,61988447.9781554
2026-03-17T15:00:00+00:00,74381.69,74893.94,73669.91,73914.39,1370.72331,2026-03-17T15:59:59.999000+00:00,101702489.4422837,360212,697.49503,51782084.4339894
2026-03-17T16:00:00+00:00,73914.4,74350.0,73855.24,74155.69,747.87279,2026-03-17T16:59:59.999000+00:00,55423218.2592146,233529,381.95374,28308793.6890775
2026-03-17T17:00:00+00:00,74155.68,74594.0,74006.58,74523.75,826.10844,2026-03-17T17:59:59.999000+00:00,61395169.4723077,194133,531.36723,39489267.5143969
2026-03-17T18:00:00+00:00,74523.76,74769.17,74386.11,74683.04,707.46038,2026-03-17T18:59:59.999000+00:00,52772145.3305212,180130,334.51481,24954362.4945142
2026-03-17T19:00:00+00:00,74683.04,74800.0,74427.25,74512.17,768.60522,2026-03-17T19:59:59.999000+00:00,57373452.1481439,184663,366.85381,27383630.6813228
2026-03-17T20:00:00+00:00,74511.21,74685.5,74359.87,74506.75,466.76372,2026-03-17T20:59:59.999000+00:00,34772329.9030658,88217,170.09313,12673187.2932662
2026-03-17T21:00:00+00:00,74506.75,74799.0,74450.01,74685.42,618.20101,2026-03-17T21:59:59.999000+00:00,46134120.5455888,99979,220.91886,16489218.7857418
2026-03-17T22:00:00+00:00,74685.42,74772.14,73934.0,74307.08,488.30847,2026-03-17T22:59:59.999000+00:00,36283519.4452543,117429,175.53398,13041252.8349503
2026-03-17T23:00:00+00:00,74307.08,74398.74,73871.74,73909.36,523.41057,2026-03-17T23:59:59.999000+00:00,38789143.2904205,125244,189.70969,14063272.7327219
2026-03-18T00:00:00+00:00,73909.37,74063.22,73535.36,73867.88,673.31061,2026-03-18T00:59:59.999000+00:00,49682584.1137638,167341,298.32738,22010900.2468923
2026-03-18T01:00:00+00:00,73867.88,74211.43,73820.69,74072.3,537.72886,2026-03-18T01:59:59.999000+00:00,39828402.9654988,125019,333.93251,24731973.6331497
2026-03-18T02:00:00+00:00,74072.3,74476.0,74051.78,74338.93,549.53806,2026-03-18T02:59:59.999000+00:00,40811427.7017298,109262,348.98605,25921496.388844
2026-03-18T03:00:00+00:00,74338.93,74672.34,74250.27,74446.14,459.80928,2026-03-18T03:59:59.999000+00:00,34232788.8454588,99545,237.46998,17685115.0271218
2026-03-18T04:00:00+00:00,74446.14,74486.3,74137.02,74175.49,472.35206,2026-03-18T04:59:59.999000+00:00,35080561.3620802,71860,252.08898,18723547.0091265
2026-03-18T05:00:00+00:00,74175.48,74312.11,73830.76,73950.0,662.80056,2026-03-18T05:59:59.999000+00:00,49098987.0238813,93727,326.37308,24186400.4334686
2026-03-18T06:00:00+00:00,73950.01,74225.82,73938.1,73954.03,652.79254,2026-03-18T06:59:59.999000+00:00,48353951.7830329,86917,330.80609,24502075.0733201
2026-03-18T07:00:00+00:00,73954.03,73997.04,73700.01,73883.8,504.7237,2026-03-18T07:59:59.999000+00:00,37273568.6402254,95673,254.56034,18803323.7975272
2026-03-18T08:00:00+00:00,73883.8,74130.02,73863.31,74044.89,735.50464,2026-03-18T08:59:59.999000+00:00,54449676.9735749,103840,444.55284,32909425.4483466
2026-03-18T09:00:00+00:00,74044.9,74281.33,74042.85,74181.08,347.16358,2026-03-18T09:59:59.999000+00:00,25751313.7726573,78474,191.19985,14182667.9432136
2026-03-18T10:00:00+00:00,74181.08,74267.77,73816.26,73946.35,478.90858,2026-03-18T10:59:59.999000+00:00,35455513.1030814,104858,296.02164,21918425.7723871
2026-03-18T11:00:00+00:00,73946.35,74074.84,72800.0,72952.85,1877.69179,2026-03-18T11:59:59.999000+00:00,137492092.1511136,323995,880.59828,64465510.125125
2026-03-18T12:00:00+00:00,72952.85,72981.79,72271.11,72361.24,1819.95371,2026-03-18T12:59:59.999000+00:00,132134038.6586083,381589,729.298,52950337.0834718
2026-03-18T13:00:00+00:00,72361.13,72556.81,71980.0,72133.49,1607.02731,2026-03-18T13:59:59.999000+00:00,116178939.0124459,362221,721.53033,52173109.6070998
2026-03-18T14:00:00+00:00,72133.48,72222.45,71100.0,71193.23,2385.98822,2026-03-18T14:59:59.999000+00:00,170982942.4830057,491438,1046.95524,75038358.966619
2026-03-18T15:00:00+00:00,71193.23,71531.54,70857.21,71467.82,2560.23665,2026-03-18T15:59:59.999000+00:00,182418304.3512396,378945,1265.98981,90238018.3006788
2026-03-18T16:00:00+00:00,71467.82,71565.78,71037.34,71314.08,967.21409,2026-03-18T16:59:59.999000+00:00,68958245.9754665,255278,536.16984,38232921.3386763
2026-03-18T17:00:00+00:00,71314.07,71750.0,71199.87,71595.21,1025.9984,2026-03-18T17:59:59.999000+00:00,73322010.7571601,215722,610.16456,43614254.5944398
2026-03-18T18:00:00+00:00,71595.21,72000.5,70947.78,71096.74,1475.11719,2026-03-18T18:59:59.999000+00:00,105582814.3789975,363504,778.66676,55792496.8244388
2026-03-18T19:00:00+00:00,71096.75,71486.14,70933.85,71072.38,867.91916,2026-03-18T19:59:59.999000+00:00,61780360.736042,222685,435.16498,30982334.2179038
2026-03-18T20:00:00+00:00,71072.38,71333.33,70500.0,71214.67,1180.62213,2026-03-18T20:59:59.999000+00:00,83694690.5456456,239576,597.87237,42413016.4551434
2026-03-18T21:00:00+00:00,71214.67,71451.22,71167.15,71263.67,338.26453,2026-03-18T21:59:59.999000+00:00,24124075.7017988,112777,198.72672,14172630.0640832
2026-03-18T22:00:00+00:00,71263.67,71269.02,70944.56,71153.66,520.94837,2026-03-18T22:59:59.999000+00:00,37019284.4275539,104410,232.85691,16547495.9473414
2026-03-18T23:00:00+00:00,71153.67,71365.4,71069.69,71246.54,691.26691,2026-03-18T23:59:59.999000+00:00,49243263.5136803,145241,360.85803,25709648.3988376
2026-03-19T00:00:00+00:00,71246.55,71321.81,70976.69,71002.17,887.95607,2026-03-19T00:59:59.999000+00:00,63132633.6989165,142997,418.18834,29732698.5833882
2026-03-19T01:00:00+00:00,71002.18,71182.44,70951.93,71115.23,391.40796,2026-03-19T01:59:59.999000+00:00,27811412.5209495,111388,158.79462,11283467.6348878
2026-03-19T02:00:00+00:00,71115.24,71252.83,70902.37,71055.44,554.97617,2026-03-19T02:59:59.999000+00:00,39481245.7808288,102738,194.7154,13850884.7430918
2026-03-19T03:00:00+00:00,71055.44,71613.79,71053.33,71215.39,593.60943,2026-03-19T03:59:59.999000+00:00,42349252.2232287,136187,283.05616,20196707.2835908
2026-03-19T04:00:00+00:00,71215.39,71215.39,70654.86,70822.07,702.86032,2026-03-19T04:59:59.999000+00:00,49785063.0975735,155872,314.52316,22276550.6840513
2026-03-19T05:00:00+00:00,70822.06,70909.88,70661.56,70826.54,416.16191,2026-03-19T05:59:59.999000+00:00,29463160.9589521,106887,226.70574,16052531.3408116
2026-03-19T06:00:00+00:00,70826.55,70979.99,70505.0,70583.22,619.8514,2026-03-19T06:59:59.999000+00:00,43825028.6582231,136364,247.00622,17465821.7505493
2026-03-19T07:00:00+00:00,70583.22,70600.04,69478.51,70191.17,2753.9557,2026-03-19T07:59:59.999000+00:00,192871533.9309172,360127,1132.30875,79286894.4500579
2026-03-19T08:00:00+00:00,70191.16,70300.0,69900.0,69985.19,1015.64209,2026-03-19T08:59:59.999000+00:00,71193379.2209247,202958,381.64144,26754249.926394
2026-03-19T09:00:00+00:00,69985.19,70560.91,69971.99,70513.0,1262.65596,2026-03-19T09:59:59.999000+00:00,88780872.216809,223886,679.0493,47751143.2168706
2026-03-19T10:00:00+00:00,70513.0,70538.74,70117.0,70133.72,613.17552,2026-03-19T10:59:59.999000+00:00,43160949.0815586,124422,268.86791,18926095.2312973
2026-03-19T11:00:00+00:00,70133.73,70259.37,69909.09,69952.75,542.70053,2026-03-19T11:59:59.999000+00:00,38023878.221242,123680,195.64389,13710962.3086973
2026-03-19T12:00:00+00:00,69952.75,69952.76,69105.49,69290.27,1452.42038,2026-03-19T12:59:59.999000+00:00,101065558.9525731,274900,582.80236,40550959.2885875
2026-03-19T13:00:00+00:00,69290.28,70084.35,69081.51,69905.65,1720.19325,2026-03-19T13:59:59.999000+00:00,119458350.6730793,473306,890.86947,61894862.1215712
2026-03-19T14:00:00+00:00,69905.65,70179.53,69096.16,69482.25,1636.49639,2026-03-19T14:59:59.999000+00:00,113585518.8772272,399716,715.77467,49706895.8911053
2026-03-19T15:00:00+00:00,69482.24,69917.87,68793.35,69412.51,1898.28931,2026-03-19T15:59:59.999000+00:00,131477295.1536006,389361,953.88696,66097686.0576532
2026-03-19T16:00:00+00:00,69412.52,69642.35,69177.19,69455.86,858.32753,2026-03-19T16:59:59.999000+00:00,59567168.9730007,279945,492.02558,34145080.4410059
2026-03-19T17:00:00+00:00,69455.86,69954.18,69122.03,69854.16,759.67868,2026-03-19T17:59:59.999000+00:00,52817725.5973047,236298,479.07306,33319285.2970692
2026-03-19T18:00:00+00:00,69854.15,69931.1,69581.55,69821.21,442.61763,2026-03-19T18:59:59.999000+00:00,30873259.5011859,167373,235.69976,16441236.5462337
2026-03-19T19:00:00+00:00,69821.21,70596.42,69805.33,70271.99,1190.55299,2026-03-19T19:59:59.999000+00:00,83703288.5506289,350207,691.8917,48642043.0250229
2026-03-19T20:00:00+00:00,70272.0,70676.0,70201.0,70483.03,488.71031,2026-03-19T20:59:59.999000+00:00,34420949.7359931,107844,319.73708,22522900.9815392
2026-03-19T21:00:00+00:00,70483.03,70695.6,70371.19,70413.47,418.78383,2026-03-19T21:59:59.999000+00:00,29539657.8584004,111392,183.96126,12975608.4454932
2026-03-19T22:00:00+00:00,70413.46,70501.89,69954.05,70183.99,551.7482,2026-03-19T22:59:59.999000+00:00,38750806.9463924,123086,203.93185,14325277.0161635
2026-03-19T23:00:00+00:00,70184.0,70282.47,69718.23,69930.0,592.04663,2026-03-19T23:59:59.999000+00:00,41435959.4309024,131592,238.98208,16724781.0222556
2026-03-20T00:00:00+00:00,69930.01,70311.12,69837.1,70181.0,871.72419,2026-03-20T00:59:59.999000+00:00,61099657.9975766,140310,554.94529,38898667.0332695
2026-03-20T01:00:00+00:00,70181.0,70588.5,70181.0,70403.79,526.82154,2026-03-20T01:59:59.999000+00:00,37099306.9997249,143190,329.31045,23190657.1536293
2026-03-20T02:00:00+00:00,70403.8,70516.16,70086.86,70415.47,312.91426,2026-03-20T02:59:59.999000+00:00,21995861.2324314,109755,166.84802,11730603.9873186
2026-03-20T03:00:00+00:00,70415.48,70809.43,70388.0,70729.92,711.57589,2026-03-20T03:59:59.999000+00:00,50275539.8980256,140086,435.33283,30760018.4686851
2026-03-20T04:00:00+00:00,70729.93,70969.71,70557.91,70783.69,546.53749,2026-03-20T04:59:59.999000+00:00,38690338.0895582,99782,309.33071,21900147.344654
2026-03-20T05:00:00+00:00,70783.7,70867.44,70521.73,70606.24,367.69531,2026-03-20T05:59:59.999000+00:00,25988752.0068573,64317,206.54952,14599142.0900696
2026-03-20T06:00:00+00:00,70606.23,70646.93,70346.49,70502.9,758.81391,2026-03-20T06:59:59.999000+00:00,53499958.365418,81917,269.05386,18967937.8133292
2026-03-20T07:00:00+00:00,70502.91,70939.58,70160.06,70854.66,936.89906,2026-03-20T07:59:59.999000+00:00,66155511.481538,108110,462.02032,32633393.3610895
2026-03-20T08:00:00+00:00,70854.66,71367.0,70800.0,71042.23,1011.96314,2026-03-20T08:59:59.999000+00:00,71994361.9832055,155511,529.21105,37652148.1122338
2026-03-20T09:00:00+00:00,71042.23,71042.23,70419.65,70583.8,885.49116,2026-03-20T09:59:59.999000+00:00,62625465.6597395,145152,272.20455,19240215.3407964
2026-03-20T10:00:00+00:00,70583.81,70670.43,70218.68,70611.68,609.11713,2026-03-20T10:59:59.999000+00:00,42907563.099605,152511,244.38509,17218604.0789732
2026-03-20T11:00:00+00:00,70611.68,70810.81,70303.36,70478.71,605.56445,2026-03-20T11:59:59.999000+00:00,42745068.2254737,117297,311.92509,22032454.8701296
2026-03-20T12:00:00+00:00,70478.71,70685.63,70251.0,70342.63,613.27107,2026-03-20T12:59:59.999000+00:00,43204525.1355932,160744,254.20593,17911384.7212939
2026-03-20T13:00:00+00:00,70342.63,70613.75,69795.7,69863.84,1225.89394,2026-03-20T13:59:59.999000+00:00,86023937.1145009,381953,509.54543,35757176.5220306
2026-03-20T14:00:00+00:00,69863.85,70268.66,69589.38,69731.21,1679.84994,2026-03-20T14:59:59.999000+00:00,117344085.0041177,462646,716.40904,50067965.4789292
2026-03-20T15:00:00+00:00,69731.2,70002.68,69480.0,69860.09,1196.90076,2026-03-20T15:59:59.999000+00:00,83493362.9269841,339941,599.75445,41849006.2054136
2026-03-20T16:00:00+00:00,69860.09,70100.0,69608.54,69829.26,922.25773,2026-03-20T16:59:59.999000+00:00,64460463.4445135,275811,448.11597,31326017.3601415
2026-03-20T17:00:00+00:00,69829.27,70039.78,69388.0,70000.0,998.84797,2026-03-20T17:59:59.999000+00:00,69631317.2331938,297124,513.14661,35779801.1458225
2026-03-20T18:00:00+00:00,69999.99,70071.81,69525.33,69770.0,630.4796,2026-03-20T18:59:59.999000+00:00,44016722.1628272,260214,310.11685,21652969.7218576
2026-03-20T19:00:00+00:00,69770.01,70190.18,69673.76,70177.86,528.39593,2026-03-20T19:59:59.999000+00:00,36948768.0069334,208941,273.63077,19136712.4874544
2026-03-20T20:00:00+00:00,70177.85,70259.28,69754.71,70057.66,435.39665,2026-03-20T20:59:59.999000+00:00,30481116.0043509,133775,215.06058,15057870.4671932
2026-03-20T21:00:00+00:00,70057.66,70726.13,69946.65,70540.73,780.46042,2026-03-20T21:59:59.999000+00:00,54974110.4109655,170683,395.03924,27827182.8926799
2026-03-20T22:00:00+00:00,70540.72,70923.75,70532.0,70767.85,591.69583,2026-03-20T22:59:59.999000+00:00,41874784.3225354,122849,300.29425,21252105.2227182
2026-03-20T23:00:00+00:00,70767.85,70771.13,70430.0,70510.73,372.60008,2026-03-20T23:59:59.999000+00:00,26282263.8830011,97352,174.97621,12339756.3471025
2026-03-21T00:00:00+00:00,70510.73,70826.0,70467.36,70682.19,274.67077,2026-03-21T00:59:59.999000+00:00,19405449.3986766,96177,169.15519,11952860.5102802
2026-03-21T01:00:00+00:00,70682.2,70758.5,70445.36,70464.59,375.95226,2026-03-21T01:59:59.999000+00:00,26534792.438015,69998,154.45884,10906254.4557923
2026-03-21T02:00:00+00:00,70464.6,70785.9,70431.67,70737.6,316.88084,2026-03-21T02:59:59.999000+00:00,22370737.7659312,68014,201.04398,14192879.1248936
2026-03-21T03:00:00+00:00,70737.6,70784.07,70632.39,70657.35,226.82019,2026-03-21T03:59:59.999000+00:00,16033191.9620646,56042,62.52815,4419808.6900916
2026-03-21T04:00:00+00:00,70657.35,70819.0,70617.05,70642.13,487.10407,2026-03-21T04:59:59.999000+00:00,34443455.0160256,70878,264.12264,18677249.464946
2026-03-21T05:00:00+00:00,70642.14,70834.46,70635.1,70697.94,941.44912,2026-03-21T05:59:59.999000+00:00,66603042.4535142,71248,554.01103,39195238.1042482
2026-03-21T06:00:00+00:00,70697.94,70831.14,70693.06,70774.65,857.26608,2026-03-21T06:59:59.999000+00:00,60670292.1252123,66267,375.51803,26575005.7309958
2026-03-21T07:00:00+00:00,70773.55,70879.76,70677.44,70727.33,431.42703,2026-03-21T07:59:59.999000+00:00,30532258.996225,57015,224.39041,15880022.983717
2026-03-21T08:00:00+00:00,70727.33,70753.79,70492.02,70594.43,956.10118,2026-03-21T08:59:59.999000+00:00,67518854.9824309,77638,348.51309,24606216.8227858
2026-03-21T09:00:00+00:00,70594.42,70735.36,70570.4,70661.59,204.69969,2026-03-21T09:59:59.999000+00:00,14464878.7014822,53011,89.96878,6357957.3403568
2026-03-21T10:00:00+00:00,70661.59,70695.32,70559.69,70605.64,524.32782,2026-03-21T10:59:59.999000+00:00,37025258.3172845,42966,245.1937,17321678.6046276
2026-03-21T11:00:00+00:00,70605.64,70652.73,70567.79,70652.72,360.21459,2026-03-21T11:59:59.999000+00:00,25434634.4188194,28847,284.08518,20059421.1514276
2026-03-21T12:00:00+00:00,70652.73,70800.0,70652.73,70722.61,199.41863,2026-03-21T12:59:59.999000+00:00,14106130.8143339,51001,99.56019,7042657.9988177
2026-03-21T13:00:00+00:00,70722.61,70812.74,70707.12,70740.18,171.5437,2026-03-21T13:59:59.999000+00:00,12135958.9607566,44402,95.27531,6740278.623621
2026-03-21T14:00:00+00:00,70740.18,71100.94,70592.53,70629.1,873.72717,2026-03-21T14:59:59.999000+00:00,61936438.3848319,106164,458.78074,32541148.4594017
2026-03-21T15:00:00+00:00,70629.09,70760.0,70453.09,70630.02,399.45062,2026-03-21T15:59:59.999000+00:00,28208569.2160207,74229,115.52671,8158132.7823083
2026-03-21T16:00:00+00:00,70630.02,70652.64,70251.0,70301.66,435.70425,2026-03-21T16:59:59.999000+00:00,30701496.8712734,76254,150.61495,10607744.5109579
2026-03-21T17:00:00+00:00,70301.66,70426.18,70210.0,70304.08,444.648,2026-03-21T17:59:59.999000+00:00,31287458.6722962,57273,261.83878,18426976.4218456
2026-03-21T18:00:00+00:00,70303.45,70534.38,70290.48,70389.19,200.5858,2026-03-21T18:59:59.999000+00:00,14124440.9230679,40969,114.40981,8057290.4394987
2026-03-21T19:00:00+00:00,70389.18,70448.79,70343.67,70352.62,98.14137,2026-03-21T19:59:59.999000+00:00,6911100.6367593,22615,43.66601,3074917.9186319
